RegionID,RegionName,State,SizeRank,2010-09,2010-10,2010-11,2010-12,2011-01,2011-02,2011-03,2011-04,2011-05,2011-06,2011-07,2011-08,2011-09,2011-10,2011-11,2011-12,2012-01,2012-02,2012-03,2012-04,2012-05,2012-06,2012-07,2012-08,2012-09,2012-10,2012-11,2012-12,2013-01,2013-02,2013-03,2013-04,2013-05,2013-06,2013-07,2013-08,2013-09,2013-10,2013-11,2013-12,2014-01,2014-02,2014-03,2014-04,2014-05,2014-06,2014-07,2014-08,2014-09,2014-10,2014-11,2014-12,2015-01,2015-02,2015-03,2015-04,2015-05,2015-06,2015-07,2015-08,2015-09,2015-10,2015-11,2015-12,2016-01,2016-02,2016-03,2016-04,2016-05,2016-06,2016-07,2016-08,2016-09,2016-10,2016-11,2016-12,2017-01,2017-02,2017-03,2017-04,2017-05,2017-06,2017-07,2017-08,2017-09,2017-10,2017-11,2017-12,2018-01,2018-02,2018-03,2018-04,2018-05,2018-06,2018-07,2018-08,2018-09,2018-10,2018-11,2018-12,2019-01,2019-02,2019-03,2019-04,2019-05
3101,Los Angeles County,CA,1,15.68,15.31,13.02,12.10,14.52,12.90,14.30,14.01,13.90,15.69,15.97,15.22,15.78,15.53,13.07,11.45,13.43,11.98,11.44,10.06,9.71,9.15,8.89,8.97,8.89,8.50,7.70,5.45,7.56,6.29,6.94,6.51,7.88,8.60,10.15,11.93,13.24,14.01,11.96,9.25,11.97,11.48,11.16,11.83,13.38,13.99,15.53,15.56,15.68,15.25,11.57,8.66,10.29,10.30,10.77,9.66,10.36,11.05,12.24,12.49,12.62,12.46,10.31,7.82,10.11,9.70,10.09,9.50,9.64,11.27,11.69,12.79,12.45,11.18,10.55,7.07,9.63,8.78,9.42,8.95,10.11,10.88,11.63,12.04,11.64,12.17,10.05,6.11,9.62,9.19,9.77,10.03,11.94,12.66,13.77,16.40,16.86,18.31,15.42,9.33,15.27,12.72,12.69,13.01,14.53
2841,San Diego County,CA,5,20.39,18.65,15.64,14.80,19.34,15.92,16.57,17.54,16.57,19.09,19.31,17.10,16.59,17.00,13.43,11.66,13.70,11.83,11.53,10.93,10.84,10.44,11.02,11.29,10.52,10.41,9.85,7.67,9.29,8.49,8.86,8.61,9.12,10.44,13.95,17.53,18.09,19.05,16.70,12.11,15.45,14.94,15.73,17.37,15.55,18.47,20.92,22.80,21.24,22.03,15.75,12.24,16.04,13.83,14.96,13.19,13.99,11.73,15.95,16.31,16.09,15.89,12.71,9.03,11.19,11.37,12.90,12.62,12.63,13.70,14.94,15.45,12.65,8.35,11.72,8.13,9.92,8.22,8.73,8.88,11.26,12.78,14.10,15.57,14.75,14.74,11.85,7.86,11.52,10.22,12.51,13.73,19.37,20.43,20.63,25.21,24.31,26.86,22.92,13.83,20.07,17.23,17.48,17.02,19.43
1286,Orange County,CA,6,20.77,18.86,14.88,13.43,17.19,15.44,16.95,16.67,16.76,18.60,18.98,17.60,17.42,16.36,13.47,11.59,13.81,12.02,10.95,9.64,10.13,9.78,10.16,11.21,9.55,9.03,7.86,5.50,6.69,5.33,6.70,6.67,8.74,10.56,13.76,16.77,16.99,17.31,14.31,9.86,13.85,13.70,14.53,15.37,17.03,17.68,20.10,20.24,20.16,19.04,12.91,9.51,10.11,11.59,13.00,11.57,12.17,13.82,16.28,17.49,16.96,16.31,12.02,8.94,11.85,11.90,12.39,11.84,12.93,15.22,16.05,17.22,15.30,13.08,11.97,7.85,10.61,9.94,11.03,11.94,13.78,15.48,15.77,15.50,14.81,15.11,11.36,7.03,11.42,10.36,12.33,13.61,15.97,17.13,19.29,21.35,21.58,22.55,18.41,11.17,17.57,15.06,16.30,17.36,18.93
2832,Riverside County,CA,11,14.18,14.00,13.16,13.65,15.80,14.25,15.15,13.92,13.00,13.27,13.02,12.15,12.59,13.39,12.35,11.71,14.24,13.18,12.12,10.71,9.05,7.60,7.49,7.46,7.11,7.76,8.20,7.47,10.80,9.78,9.76,8.39,8.55,7.74,9.20,11.19,12.65,13.70,12.97,11.00,15.08,15.54,16.07,15.44,15.58,14.49,16.84,16.69,16.09,17.38,14.10,11.74,14.82,15.91,16.52,14.23,13.91,12.47,13.81,13.69,13.93,14.11,12.28,10.82,15.75,15.72,15.39,13.21,12.39,12.71,12.76,14.12,13.73,12.76,12.62,9.42,13.70,13.37,14.12,12.78,12.15,11.65,11.91,13.25,12.71,13.50,12.41,9.50,14.60,13.93,15.44,14.60,14.55,15.49,16.34,18.88,18.05,19.38,17.34,11.38,19.20,16.33,17.49,16.01,16.28
3250,San Bernardino County,CA,12,13.88,12.10,12.71,13.09,14.55,12.86,13.57,12.49,12.72,12.80,14.28,13.27,13.96,13.38,11.57,11.42,12.28,11.14,10.68,10.24,9.60,9.24,9.63,9.47,8.68,8.44,8.21,7.01,8.56,7.56,7.52,7.73,8.62,8.68,9.84,11.51,12.32,13.25,11.40,9.28,12.74,12.63,11.96,12.43,13.37,13.69,15.56,15.17,16.21,16.40,13.21,10.57,12.13,12.18,12.20,10.65,12.01,12.60,14.40,14.58,14.60,13.92,11.17,9.66,11.56,11.66,11.33,11.32,11.04,13.34,14.41,15.08,13.40,12.51,11.69,8.68,9.82,9.61,10.29,9.51,10.65,11.31,11.78,13.95,13.31,13.30,11.37,7.79,11.08,10.67,11.69,11.93,13.10,15.03,16.23,17.97,18.36,18.66,16.53,11.63,15.70,13.01,13.02,13.77,15.19
3136,Santa Clara County,CA,17,16.06,16.42,12.93,12.42,13.02,11.48,12.99,12.48,13.30,13.92,13.08,13.25,13.13,12.65,10.67,8.52,9.23,7.96,6.46,5.77,6.54,8.21,7.58,7.66,6.91,6.38,6.36,4.00,5.46,4.85,5.59,4.93,6.65,7.12,8.96,11.32,10.67,10.57,7.66,5.14,6.23,6.20,5.89,6.21,8.40,9.75,10.00,10.88,12.14,10.82,8.04,4.28,5.31,4.92,5.89,5.33,7.54,7.46,9.29,9.91,10.23,12.30,6.94,4.27,3.82,6.48,7.52,8.16,9.58,11.95,11.87,13.65,12.74,11.77,8.59,5.38,5.12,4.75,6.50,7.12,7.85,8.14,7.33,6.78,6.39,5.89,4.08,3.55,3.28,3.20,4.48,4.96,7.18,10.78,11.86,15.17,15.75,21.00,16.84,10.34,12.58,10.62,12.46,13.60,17.29
1510,Alameda County,CA,22,14.67,14.81,13.25,13.26,14.15,11.36,13.90,13.40,14.10,13.92,15.08,13.40,12.33,13.20,11.44,8.81,10.51,8.85,8.51,7.31,6.10,6.39,6.04,6.67,6.04,5.77,4.58,3.12,4.45,3.54,4.57,3.94,4.97,6.13,6.44,8.93,8.73,9.26,6.62,4.62,5.94,5.38,6.47,5.40,7.06,8.02,9.44,11.07,10.90,10.37,8.25,5.85,5.85,3.75,5.13,4.27,5.10,6.00,7.01,7.79,9.89,8.34,6.36,4.32,4.76,4.67,6.00,6.17,7.04,8.97,10.09,12.09,9.84,8.62,6.99,4.43,4.82,4.43,4.93,4.96,5.56,6.18,6.89,6.53,7.68,6.25,4.99,2.65,3.72,2.56,3.38,3.36,5.93,6.36,8.40,12.02,14.13,16.10,12.46,8.93,10.40,9.09,9.40,9.69,13.10
3017,Sacramento County,CA,25,15.19,14.93,13.92,14.73,16.31,14.79,15.14,11.26,13.02,13.26,11.78,11.58,12.25,11.56,10.73,10.47,9.19,8.54,7.12,6.73,5.99,5.08,4.92,4.80,5.15,5.11,5.47,4.58,5.27,3.60,6.17,5.96,6.99,9.34,12.06,14.57,15.79,17.15,13.67,11.30,14.82,11.18,12.03,11.57,13.51,12.44,15.90,17.17,17.20,18.11,14.17,7.36,12.67,10.90,10.76,11.17,11.64,11.96,14.13,13.92,13.82,13.79,9.93,6.89,8.65,7.68,6.96,8.60,9.48,10.16,12.38,12.81,12.26,7.73,10.21,6.52,6.75,6.00,7.01,7.26,9.28,11.01,13.15,16.19,17.26,18.59,14.44,8.16,11.01,10.07,10.30,11.64,13.64,16.58,18.82,22.05,22.55,23.50,18.95,12.25,15.67,12.61,11.71,12.18,15.11
3159,Contra Costa County,CA,37,14.87,14.53,14.19,13.84,14.82,11.83,12.66,13.03,14.10,14.20,14.34,13.63,13.22,12.27,10.35,7.73,8.91,9.13,8.03,6.10,7.34,7.05,6.97,7.11,8.23,6.81,6.68,3.87,6.21,4.19,4.48,4.51,5.92,7.14,8.26,11.32,11.38,12.83,10.14,8.02,8.35,7.07,8.11,9.85,11.84,11.91,13.04,14.61,16.26,15.87,13.46,8.13,8.74,8.66,8.70,6.88,8.69,8.88,11.08,11.91,11.36,11.93,9.57,6.63,7.27,6.84,8.44,9.22,11.18,11.91,13.55,15.10,12.67,11.20,10.45,6.92,6.76,6.92,6.58,7.61,9.55,10.01,11.25,11.94,10.18,10.90,8.64,6.10,6.53,6.08,7.11,7.33,9.73,10.46,12.51,14.62,16.15,18.94,15.06,8.46,12.10,10.12,11.37,12.10,15.77
1018,Fresno County,CA,46,14.83,17.79,14.06,14.19,18.30,14.26,14.27,13.88,11.72,15.15,13.72,13.62,12.15,12.08,11.33,10.44,11.17,11.09,8.37,9.00,12.02,11.36,9.71,10.50,12.61,10.03,9.75,8.59,11.85,9.39,10.63,9.45,9.98,12.09,12.81,16.39,18.13,17.78,15.69,14.38,16.32,16.83,14.11,16.20,17.19,17.14,18.35,19.85,19.70,20.00,14.33,12.94,15.80,14.20,13.07,13.07,14.03,15.49,15.47,16.99,17.39,18.56,13.93,10.49,12.53,12.46,12.29,12.94,14.92,13.53,14.43,16.42,14.98,15.24,13.92,8.79,12.69,10.94,12.99,13.56,12.72,14.37,17.25,18.58,17.74,17.53,14.73,11.72,13.33,12.27,13.43,14.44,13.28,15.17,17.00,17.50,18.85,18.26,14.85,10.15,12.56,12.09,13.48,13.99,13.51
204,Kern County,CA,62,14.65,13.08,12.70,12.40,13.82,10.66,12.16,10.70,11.17,11.04,11.19,10.25,10.04,10.11,9.00,9.04,10.20,10.10,8.85,8.45,8.19,8.36,8.22,9.67,9.19,9.08,7.92,6.33,10.72,8.18,8.35,7.51,10.65,11.24,11.65,15.07,14.88,16.37,16.11,11.58,15.99,15.27,12.63,12.34,13.92,15.58,17.37,18.30,18.02,17.54,15.07,11.90,16.65,15.16,13.96,12.57,13.56,15.13,16.33,15.88,16.91,17.29,12.87,11.57,15.62,14.24,14.72,13.60,13.85,15.28,14.25,15.82,13.79,13.00,12.38,11.10,12.26,12.78,13.83,14.67,13.58,16.93,16.01,17.04,15.35,16.82,14.85,11.17,13.70,13.08,14.33,15.29,16.17,17.06,16.84,18.65,17.95,18.28,16.05,12.01,15.29,13.87,14.01,15.40,15.54
2061,Ventura County,CA,63,15.03,14.49,12.46,8.35,13.78,12.53,14.50,14.31,12.24,15.16,16.55,14.45,14.11,14.68,11.96,10.29,12.34,9.45,11.02,8.78,10.58,9.21,8.21,8.12,6.78,7.71,7.00,4.11,7.41,6.22,7.51,6.67,6.65,9.51,11.55,12.63,12.80,13.00,12.02,8.57,12.65,12.75,12.77,13.22,16.19,17.08,18.66,18.39,18.68,19.09,13.39,10.32,12.72,11.77,13.10,12.31,12.79,15.69,16.17,14.41,16.41,15.83,11.11,9.60,13.22,12.99,11.56,11.76,13.73,15.14,14.79,15.38,14.45,12.09,11.96,7.56,10.45,10.56,10.88,10.32,11.69,13.50,14.57,15.64,13.89,15.03,12.00,6.61,11.60,10.34,11.37,12.36,15.90,16.68,19.08,20.02,20.30,21.47,15.91,10.03,17.13,14.23,14.47,15.66,17.86
3227,San Francisco County,CA,66,12.60,14.03,9.79,8.23,10.25,8.14,10.50,10.60,11.36,13.10,10.65,9.12,12.14,12.83,9.34,5.83,5.47,6.16,5.95,6.24,6.63,6.92,4.15,4.41,7.07,7.06,7.15,3.71,4.47,4.38,3.37,4.45,3.41,5.46,7.04,5.51,5.05,10.42,5.60,3.84,3.75,2.66,4.24,4.05,4.61,5.22,5.74,4.68,7.25,9.55,5.48,3.51,4.69,3.90,3.33,4.61,4.41,5.09,4.18,3.49,5.80,8.93,7.34,2.68,3.05,4.66,5.05,8.00,8.35,9.12,7.25,7.68,8.30,10.60,7.37,3.95,4.61,5.97,5.43,5.87,7.34,8.99,6.97,4.72,7.21,8.26,5.39,2.34,3.49,4.10,4.63,4.78,6.38,5.93,5.29,5.68,8.38,12.29,9.96,4.52,4.24,6.55,4.01,5.46,5.41
2842,San Mateo County,CA,82,15.05,16.14,11.88,10.41,13.29,11.92,13.32,13.27,13.99,13.61,13.21,12.57,12.72,13.76,10.58,7.43,9.84,9.11,6.93,7.25,7.77,7.79,6.45,8.29,8.32,7.96,5.98,3.70,6.46,4.99,5.06,5.36,6.16,6.79,6.89,8.20,8.67,9.64,6.51,4.52,5.57,4.90,6.61,5.45,6.59,7.61,7.56,7.40,7.66,6.26,3.84,3.93,4.09,2.66,3.76,4.14,4.53,4.99,4.55,6.15,7.75,9.17,5.15,2.00,4.62,5.69,5.37,5.26,8.86,9.44,10.71,9.83,10.39,9.06,7.87,3.40,4.43,4.72,4.75,4.53,6.79,6.67,6.51,6.10,5.51,6.47,5.01,2.17,5.57,4.00,4.22,5.51,7.05,5.63,7.77,9.25,11.67,15.17,12.35,7.37,9.35,7.46,9.08,8.90,10.81
3134,San Joaquin County,CA,87,12.99,13.33,11.62,12.87,14.96,11.78,13.04,11.43,11.06,11.52,9.30,11.39,12.30,10.04,10.78,9.63,9.66,6.78,7.25,6.90,7.01,5.90,5.42,4.96,6.10,4.57,5.48,5.61,8.48,5.29,4.56,4.21,6.91,7.25,10.09,11.76,13.60,14.53,12.22,10.93,14.72,11.81,10.46,10.23,12.32,12.41,14.64,16.03,17.58,17.67,14.11,8.63,13.24,9.37,11.66,9.89,11.21,12.59,13.38,14.81,15.46,14.28,11.57,7.23,10.01,8.58,10.97,8.61,9.60,11.33,12.57,14.37,12.61,8.92,11.54,9.11,9.92,7.52,8.24,7.18,8.93,11.49,12.32,14.56,15.36,14.88,11.41,7.65,10.90,9.15,10.35,10.46,12.54,15.03,17.21,19.21,20.52,22.23,19.79,13.79,18.41,13.52,13.23,13.91,15.82
3033,Stanislaus County,CA,125,16.83,16.54,15.57,15.00,18.39,15.98,15.97,14.13,13.72,15.89,12.42,15.65,14.14,12.54,11.89,11.01,12.44,11.30,9.45,8.34,6.79,7.19,6.14,7.23,6.39,6.95,5.47,6.50,8.15,4.85,4.35,5.30,7.33,8.91,9.16,11.45,14.77,16.72,14.33,12.34,15.24,12.91,13.11,12.35,12.32,15.00,16.51,17.39,15.65,19.68,16.84,11.80,15.21,13.58,13.52,13.43,13.14,14.20,16.16,16.93,17.43,17.31,12.69,9.39,11.23,11.48,12.17,11.07,12.81,14.55,16.09,17.49,14.69,13.28,13.93,9.62,11.92,9.82,11.20,12.72,13.31,13.42,14.10,16.74,15.89,15.38,14.02,8.56,10.98,11.31,12.84,12.90,14.38,17.19,19.35,21.23,20.49,21.97,18.26,13.01,18.89,12.19,13.10,12.25,14.58
1396,Sonoma County,CA,137,19.49,17.40,14.14,14.05,16.45,14.58,15.18,16.10,16.85,17.83,16.98,16.95,16.11,17.37,13.79,13.20,12.93,10.68,10.37,10.74,10.57,10.57,10.27,10.92,10.66,10.40,9.82,7.56,8.99,7.62,7.55,6.88,8.86,8.18,12.01,11.20,13.07,15.04,11.21,7.40,10.32,10.25,9.67,8.85,11.60,13.10,12.42,16.03,16.14,15.43,11.11,8.70,10.90,9.15,9.19,10.16,10.89,11.02,13.56,15.03,15.07,15.64,11.05,8.33,9.63,9.73,10.07,9.70,10.31,13.61,14.77,13.49,15.50,14.28,11.54,7.93,9.65,8.39,10.30,8.57,12.31,13.04,13.68,15.40,15.42,9.14,7.83,7.32,11.08,8.84,11.53,13.57,15.54,19.69,22.08,24.93,23.98,26.50,20.35,12.13,15.01,13.34,14.25,13.85,16.85
1442,Tulare County,CA,146,20.33,20.54,17.68,18.47,21.33,16.62,19.48,16.54,17.89,17.16,18.70,20.42,16.86,18.84,14.09,14.35,16.94,16.94,14.35,13.07,10.80,10.95,9.92,10.35,11.42,10.16,10.01,8.61,10.39,9.50,11.03,11.67,12.18,12.87,12.88,15.25,18.41,19.02,16.71,12.37,17.08,16.38,15.83,18.22,17.30,18.18,21.31,20.27,18.73,20.30,15.76,12.63,17.11,16.58,16.92,12.62,17.27,15.43,17.59,17.30,14.56,17.02,14.75,13.50,16.59,15.78,13.40,15.33,14.32,14.08,13.59,16.51,13.07,11.42,12.93,8.82,13.12,13.68,13.92,11.88,13.14,15.95,13.38,17.93,15.53,16.84,18.07,12.24,16.11,14.29,14.35,14.21,16.04,17.76,18.35,21.11,19.96,20.78,16.44,13.43,18.53,15.59,17.19,17.22,14.47
3229,Santa Barbara County,CA,157,17.32,14.71,11.23,11.59,15.24,12.67,14.41,14.97,13.45,17.14,16.53,16.05,16.79,15.26,13.06,10.98,13.57,11.20,10.26,9.00,9.16,9.02,8.43,8.84,9.44,8.70,7.64,4.63,8.00,5.98,6.89,7.34,7.90,6.96,9.72,11.50,12.10,12.70,10.67,7.10,9.95,9.46,12.41,12.39,13.07,12.29,14.51,16.35,14.81,13.28,9.74,9.06,11.43,11.17,9.20,9.93,8.99,12.79,13.63,14.93,15.56,14.75,11.65,9.20,13.24,11.69,11.84,11.43,12.62,13.33,14.18,13.78,12.69,9.48,12.53,8.49,11.53,10.62,11.37,9.68,12.59,12.98,13.22,15.59,13.47,12.87,11.36,6.00,8.76,10.41,11.16,13.52,14.46,15.91,15.11,17.53,17.05,19.00,14.17,7.15,15.09,11.88,12.22,15.29,15.82
2444,Monterey County,CA,161,16.83,14.46,12.51,10.29,14.95,9.92,10.64,14.15,12.36,14.61,14.64,14.58,14.45,14.36,10.87,9.88,11.41,11.34,10.41,8.58,10.02,9.91,9.06,9.69,7.99,7.95,7.75,6.60,7.85,5.51,6.77,6.40,8.55,9.62,9.65,10.80,10.26,12.87,9.66,5.56,8.68,8.42,8.92,9.66,10.85,12.15,10.66,12.20,13.19,14.93,10.18,7.74,9.12,8.83,9.19,9.43,9.90,9.52,13.48,14.01,12.43,13.37,10.45,7.26,8.47,8.61,9.30,10.88,11.66,12.91,12.73,15.35,13.73,14.02,10.26,7.95,11.95,8.59,10.66,9.72,12.56,16.25,13.30,16.33,13.68,14.59,12.83,9.11,12.20,8.30,10.23,10.84,11.14,12.64,13.17,14.30,16.40,18.52,14.33,8.84,13.05,10.86,10.90,12.25,13.33
1395,Solano County,CA,162,12.38,13.74,14.34,14.32,15.05,13.45,15.77,16.13,14.11,12.83,11.23,12.47,13.48,11.58,11.32,10.78,9.74,6.77,5.92,6.36,5.99,6.78,6.00,6.47,5.52,6.60,5.91,8.13,7.36,4.71,6.12,5.07,4.69,5.83,4.95,9.81,12.34,14.69,11.82,9.73,11.11,11.83,11.58,10.87,13.43,14.41,16.20,19.29,21.53,20.58,14.16,12.80,13.55,12.49,12.06,11.21,11.26,11.91,13.48,15.56,14.58,17.68,13.03,9.39,11.00,10.71,9.15,8.42,12.31,14.04,13.29,15.86,17.54,15.76,14.17,12.60,11.48,9.81,9.69,9.30,11.80,13.48,14.38,15.99,13.85,14.68,11.50,9.08,9.66,10.90,10.55,11.12,13.26,16.04,18.12,21.84,20.80,23.38,21.08,13.18,15.05,15.22,16.61,14.92,17.28
1325,Placer County,CA,187,12.66,13.23,12.59,13.98,16.53,11.79,13.40,9.83,11.45,13.22,11.82,11.02,13.30,9.55,9.90,9.32,9.37,8.16,6.61,6.60,7.88,9.02,8.90,8.88,7.20,6.29,6.23,4.04,6.75,5.41,6.74,5.52,7.77,10.48,12.33,14.54,15.73,14.63,11.49,10.49,11.66,10.31,9.97,11.92,15.31,15.33,16.93,18.74,17.31,18.40,12.97,8.18,11.42,11.84,11.16,12.59,13.28,14.27,16.21,16.24,15.59,14.85,10.29,7.60,9.30,9.49,10.56,10.99,12.45,13.03,15.13,16.18,13.19,8.83,9.53,7.41,9.28,7.58,9.22,9.77,12.23,13.41,15.54,17.95,16.05,16.26,12.69,8.65,11.45,10.57,10.63,12.92,16.63,16.68,18.33,22.33,22.30,21.58,18.09,11.51,14.01,11.86,13.08,14.30,16.97
3261,San Luis Obispo County,CA,239,19.28,16.56,15.16,11.89,14.72,12.74,14.70,15.08,14.05,15.24,17.82,17.02,15.62,15.05,12.87,10.11,14.39,11.57,12.43,12.60,14.19,13.03,13.05,12.49,12.41,9.97,9.69,7.02,10.41,11.13,11.27,11.07,13.06,13.69,13.85,18.40,16.78,18.36,13.78,9.38,12.56,12.15,13.78,16.25,17.39,16.75,18.38,18.17,17.04,17.68,11.48,10.06,11.86,12.16,13.38,11.72,15.75,13.81,16.21,14.08,14.06,14.09,11.19,7.14,9.78,11.07,11.08,12.13,13.66,14.67,13.84,16.76,13.78,12.51,12.68,8.11,10.49,8.16,11.40,11.04,10.77,15.01,15.57,16.41,18.14,15.70,10.45,8.81,11.39,11.71,12.35,12.75,14.58,15.74,18.50,20.21,18.27,20.84,17.03,10.47,16.87,14.42,14.15,15.74,18.55
3025,Santa Cruz County,CA,250,19.97,16.60,14.44,11.38,15.31,13.22,13.43,16.78,15.73,16.79,18.99,18.66,16.99,19.10,15.03,11.69,12.52,12.92,12.35,11.42,12.15,12.35,13.15,13.21,11.19,11.22,8.87,6.38,10.01,7.66,8.10,9.04,8.95,10.97,13.33,14.08,13.68,14.26,11.38,8.40,7.76,8.89,9.35,7.68,12.57,13.10,13.98,15.81,13.87,13.95,10.62,9.91,9.38,7.92,8.24,10.63,11.14,11.88,14.02,16.20,15.81,14.97,10.78,7.35,6.15,8.47,9.31,10.16,11.15,13.66,14.90,18.07,16.70,15.59,11.73,6.88,7.91,6.86,10.50,10.35,13.97,15.49,18.23,16.89,16.63,15.96,13.06,6.56,9.60,9.20,10.27,12.42,13.94,18.17,18.23,20.22,21.89,23.30,17.91,11.19,14.92,12.21,12.91,14.93,19.14
1196,Merced County,CA,252,11.90,11.93,11.99,14.04,16.41,12.57,12.73,13.24,12.19,12.46,12.75,13.26,11.86,9.75,11.15,12.22,10.99,7.72,8.02,7.33,6.23,4.61,4.10,5.54,5.69,4.54,4.06,5.94,7.18,6.50,6.28,4.32,6.19,5.88,8.32,10.49,8.58,10.60,9.02,11.21,12.43,11.33,12.95,10.36,12.79,9.36,14.57,16.38,15.35,15.31,10.01,9.15,10.71,9.22,11.92,12.08,11.69,11.04,14.75,13.76,13.65,13.50,10.07,8.31,10.55,10.64,9.17,8.89,8.41,9.98,10.35,12.30,10.39,9.10,9.60,6.70,6.90,8.29,11.21,7.86,9.64,9.21,11.81,14.04,13.64,12.94,9.83,7.74,13.25,9.71,10.32,9.71,10.46,9.86,12.27,13.96,15.50,19.10,15.99,11.44,15.75,15.47,14.07,13.15,16.01
625,Marin County,CA,256,15.36,14.12,10.02,8.96,11.65,10.81,11.12,12.13,11.71,14.40,12.53,12.01,15.89,14.95,11.54,7.87,11.45,10.57,7.90,9.88,11.02,12.24,12.32,11.25,13.18,14.37,9.58,5.88,7.44,5.36,7.95,6.71,9.21,9.29,9.94,11.66,15.73,14.70,9.31,8.20,9.53,7.92,7.09,9.15,11.83,11.22,8.80,11.59,14.07,14.26,9.39,8.47,9.39,8.17,7.82,6.99,11.42,11.10,12.23,10.67,14.97,14.47,8.75,6.73,9.13,8.82,9.30,10.63,11.47,13.51,13.96,12.49,14.11,13.11,11.17,6.94,8.28,7.69,11.74,9.84,11.53,13.21,12.95,9.91,16.46,15.21,9.99,5.04,8.74,8.60,8.95,8.78,16.27,13.79,13.29,12.00,16.96,22.88,12.85,6.50,8.77,10.37,11.84,14.50,18.24
418,Butte County,CA,284,15.14,14.80,12.93,13.64,15.91,13.21,13.95,12.80,18.08,16.32,15.02,17.11,18.65,15.77,13.89,11.82,12.73,11.99,11.35,11.71,10.85,11.93,11.89,13.96,13.88,13.33,9.64,7.71,11.53,7.56,11.83,9.55,13.60,11.94,15.18,19.03,18.71,19.64,16.60,12.47,16.86,15.55,14.14,14.88,17.96,19.59,17.45,19.70,16.18,18.60,15.89,13.14,12.36,13.48,13.38,12.26,14.77,15.05,16.86,17.04,16.14,17.47,14.27,10.23,11.60,10.06,11.99,12.48,13.03,12.27,14.87,17.07,15.70,11.89,11.71,9.83,10.13,6.94,9.18,10.34,12.12,14.32,14.61,17.63,18.19,17.07,12.93,7.04,11.08,10.54,10.98,12.53,16.47,18.08,20.61,21.60,20.64,20.44,8.23,4.48,9.40,9.03,10.35,13.04,15.53
340,Yolo County,CA,308,11.65,10.79,12.28,9.38,13.91,12.97,13.93,11.15,13.09,15.11,11.88,14.11,13.25,12.99,12.71,10.75,9.64,7.76,7.91,8.57,6.66,6.11,7.60,8.45,5.19,6.15,6.13,4.52,6.64,2.60,6.51,4.83,7.91,11.41,11.05,15.93,12.76,18.70,10.49,13.99,16.15,12.29,9.69,12.30,15.47,11.57,13.50,16.25,18.16,16.45,12.04,6.24,11.01,8.94,9.76,10.94,9.61,14.29,16.32,13.55,13.51,16.38,11.63,5.35,7.93,9.40,8.48,9.30,9.56,12.87,12.26,12.28,10.89,7.46,12.28,6.92,7.18,8.53,9.32,7.99,10.52,11.22,13.09,17.42,16.18,14.46,11.60,6.89,8.03,10.14,12.27,8.41,13.13,14.06,14.99,18.36,20.33,22.22,18.15,12.15,17.95,12.32,14.17,15.32,15.87
2691,El Dorado County,CA,339,17.28,16.16,12.67,14.11,14.61,12.22,15.22,14.82,16.72,17.90,18.01,20.01,17.38,17.02,12.38,12.95,13.31,11.27,10.85,11.87,11.99,11.48,11.25,12.24,10.43,9.62,10.68,7.56,8.53,6.97,7.02,9.42,9.23,11.66,18.36,18.02,18.56,17.25,13.14,9.45,11.24,11.74,14.29,12.89,14.22,16.59,18.73,20.81,18.55,17.50,13.46,8.61,14.52,13.95,15.13,15.51,16.94,17.56,19.00,20.24,18.50,15.97,12.61,7.31,10.69,12.41,11.03,12.28,12.73,16.31,17.67,17.41,15.38,10.64,11.49,7.54,6.97,7.99,8.78,11.14,16.01,19.80,21.02,21.10,18.57,18.80,14.16,9.17,12.64,10.96,11.52,12.20,17.59,19.56,22.27,23.54,18.82,19.34,16.26,12.89,15.81,11.73,13.13,17.54,22.66
1380,Shasta County,CA,349,15.78,16.64,13.09,14.62,16.24,14.07,15.89,15.58,15.30,16.84,16.07,14.34,14.64,13.38,14.17,10.74,11.60,8.19,9.80,9.46,12.80,14.66,12.63,12.14,10.68,12.66,11.08,9.55,12.74,10.07,10.13,10.31,13.62,16.98,18.27,18.78,18.23,19.38,12.66,13.27,16.56,15.10,15.44,16.14,19.51,19.58,22.55,25.44,18.84,22.57,15.24,11.91,17.43,15.45,16.44,16.00,18.05,21.37,5.56,17.88,19.55,19.78,13.09,11.36,12.17,14.69,15.80,15.14,15.67,18.58,17.54,21.43,18.09,16.90,14.72,10.22,13.00,13.06,13.52,15.06,17.78,20.07,21.56,23.06,22.22,19.84,16.36,10.03,14.52,14.04,17.70,17.12,20.83,22.05,21.88,14.75,18.25,21.38,16.10,11.35,17.45,14.67,14.96,15.86,21.86
2354,Imperial County,CA,353,10.35,11.65,13.88,14.78,14.41,11.14,10.79,10.00,12.06,11.84,13.32,14.13,13.66,13.54,10.86,12.90,12.10,15.32,10.55,10.15,9.82,9.55,6.61,9.84,10.76,12.06,8.27,10.58,11.94,12.29,8.19,9.65,6.39,10.58,8.30,9.18,7.48,7.78,10.82,8.67,10.82,13.04,6.82,9.91,9.93,10.76,13.67,14.95,13.23,14.11,14.46,13.14,15.44,9.39,6.38,8.39,9.66,9.37,10.25,11.76,11.61,12.02,10.11,9.63,11.57,12.47,9.33,8.49,9.80,10.58,10.55,14.88,14.49,14.46,12.40,9.92,13.55,9.04,12.10,11.00,11.30,11.44,9.17,12.25,12.84,13.06,16.14,8.48,14.29,14.97,14.46,11.61,10.27,11.20,11.42,13.23,16.80,13.80,13.53,10.98,11.61,11.94,12.41,13.38,11.49
580,Kings County,CA,408,20.72,16.91,12.61,17.69,17.22,12.59,15.62,16.61,19.89,20.13,15.50,17.44,16.05,14.66,15.17,15.79,15.74,13.65,11.53,13.04,10.26,8.39,13.25,10.78,12.15,12.50,8.64,11.85,10.91,11.18,10.66,8.25,6.94,11.03,11.96,14.88,14.45,15.85,12.23,11.11,14.09,13.46,14.53,12.24,15.69,14.62,18.06,14.02,15.67,16.67,16.10,8.65,13.60,15.59,14.16,16.94,17.95,15.30,14.59,17.34,13.87,16.67,10.12,6.40,12.46,11.68,10.05,11.14,8.35,11.08,8.79,13.81,9.91,9.60,12.18,8.62,8.75,10.95,9.16,13.44,15.05,12.50,12.56,15.75,11.34,13.21,11.56,10.26,12.50,7.99,12.05,12.94,13.35,16.13,12.62,17.91,16.34,17.52,11.96,12.21,11.08,14.05,14.32,20.09,18.22
1156,Madera County,CA,414,14.03,14.02,16.50,14.13,15.58,12.41,13.79,13.55,13.84,12.20,12.21,15.82,11.76,12.30,12.79,10.71,9.12,8.64,8.42,6.30,8.04,9.86,9.39,10.03,8.86,7.52,7.29,5.54,9.74,7.00,9.54,8.20,12.05,8.09,11.27,10.36,10.49,10.51,13.03,9.42,11.18,9.62,13.31,13.57,13.47,13.72,16.58,19.03,15.98,14.79,12.92,10.28,14.99,11.24,13.80,12.06,15.65,15.36,17.22,13.19,13.86,13.09,11.84,10.01,13.28,12.78,9.72,10.77,10.06,10.42,11.70,14.70,13.08,13.36,9.93,5.99,9.04,7.42,10.76,10.51,9.52,12.10,14.43,15.61,13.44,15.83,12.69,8.10,15.04,11.63,9.60,13.35,16.14,14.10,18.13,15.74,15.88,18.45,13.72,13.28,15.54,9.36,15.70,11.99,14.73
255,Napa County,CA,453,14.76,13.44,10.75,10.14,10.60,10.46,9.85,12.26,10.63,14.22,13.19,14.08,13.19,12.01,8.04,9.09,8.18,10.04,10.53,10.29,8.39,7.87,9.25,9.30,9.86,9.23,4.14,4.56,7.05,6.35,6.09,5.09,6.08,10.92,13.69,11.02,15.03,13.26,11.81,9.47,12.47,12.94,11.28,9.43,11.19,11.98,14.49,16.92,15.77,14.24,10.21,8.21,13.01,10.34,10.49,10.56,9.87,11.43,11.64,12.31,10.78,15.68,7.84,6.38,8.89,11.64,10.21,11.43,13.27,13.80,12.91,18.96,13.04,12.01,12.21,6.07,10.66,8.48,11.97,10.49,14.83,17.13,14.68,15.89,15.90,9.08,11.34,8.81,8.64,9.47,10.34,12.15,13.80,15.11,17.86,20.92,17.00,18.04,12.77,7.30,14.83,13.62,13.64,15.99,18.05
2351,Humboldt County,CA,457,15.73,17.35,11.54,12.03,12.80,12.18,13.87,13.40,21.18,15.13,22.36,13.83,13.08,10.74,12.97,10.08,10.52,9.45,9.98,10.63,11.36,12.47,13.21,15.31,13.85,11.79,10.19,10.46,14.33,11.08,7.87,10.39,11.72,11.93,13.64,17.42,19.32,17.29,13.28,10.07,12.74,10.55,13.21,9.70,14.41,12.61,14.41,15.29,16.57,17.17,13.34,13.97,15.89,14.51,15.42,13.64,13.49,12.19,13.01,13.81,14.46,12.37,8.72,5.78,8.46,7.27,12.76,13.00,10.85,15.03,15.42,10.81,11.49,3.85,10.91,9.69,10.12,8.63,11.07,11.43,15.61,19.19,19.12,18.82,20.17,18.28,15.01,8.64,14.16,17.12,15.57,15.21,16.86,18.83,18.19,22.47,18.23,19.14,16.76,9.74,14.02,12.30,11.18,12.40,15.29
1261,Nevada County,CA,588,16.60,15.26,12.72,10.74,14.90,11.25,12.12,12.06,13.88,15.43,14.39,17.55,17.86,15.12,11.27,11.47,8.76,8.76,8.05,9.57,10.28,11.88,12.65,12.98,7.03,9.43,6.93,5.38,5.69,6.04,8.35,7.74,9.11,9.34,12.57,15.89,14.53,12.67,8.78,8.05,9.82,8.50,7.93,10.04,12.23,14.26,18.21,19.75,16.23,15.60,12.40,7.42,9.88,11.62,11.72,11.17,10.25,13.64,17.77,17.26,17.37,16.52,12.07,8.14,10.04,8.79,12.35,11.13,11.81,14.37,17.36,16.22,19.90,12.77,12.94,9.79,8.24,9.43,12.46,9.76,14.38,17.00,18.30,22.65,17.37,18.05,13.47,9.39,11.16,12.17,11.45,14.77,17.81,20.13,22.92,23.70,22.98,20.94,18.21,11.97,15.62,11.92,14.29,15.30,20.09
1415,Sutter County,CA,607,12.72,16.86,15.52,13.76,16.43,16.49,13.25,7.97,14.68,13.37,12.50,13.81,12.99,14.74,13.72,14.09,13.95,12.75,13.73,11.44,6.60,7.55,10.98,12.96,10.41,12.84,9.30,5.53,3.50,3.96,7.06,10.77,7.85,9.95,12.70,14.22,10.99,21.67,18.02,9.46,10.76,18.39,11.11,20.16,15.75,18.55,25.66,26.24,26.58,22.78,20.92,17.69,19.61,12.55,15.06,15.92,17.66,14.95,13.98,17.52,15.10,15.16,15.49,7.94,15.02,10.11,13.45,13.71,10.60,11.73,12.93,15.45,12.04,11.97,13.68,7.45,9.84,12.50,10.05,11.01,8.33,19.29,19.86,20.47,18.60,20.14,16.61,10.45,11.84,13.28,10.63,12.46,17.69,12.13,19.34,26.49,22.63,20.31,16.37,10.57,9.87,12.29,15.56,13.66,14.77
2796,Mendocino County,CA,643,16.07,14.63,13.32,10.37,17.51,11.25,15.10,11.94,13.96,13.33,14.29,13.08,14.48,11.82,10.74,9.46,12.91,10.24,11.57,9.48,10.73,10.43,10.19,11.93,9.09,12.89,5.58,7.96,9.62,6.99,9.57,8.32,10.58,9.21,10.68,13.90,12.67,10.95,8.71,6.44,10.60,7.36,8.51,9.03,8.91,12.20,9.09,11.92,12.50,13.61,9.71,8.28,9.91,8.37,7.49,9.90,10.34,10.60,13.65,15.07,11.61,9.81,10.30,6.62,9.79,9.86,10.81,8.51,8.82,8.70,10.92,13.00,13.11,12.62,8.95,9.88,7.45,10.05,10.23,7.60,12.53,13.21,14.01,14.29,13.53,9.09,8.87,7.53,11.22,9.61,11.13,10.56,12.15,10.69,14.62,15.13,15.29,15.24,12.05,9.97,13.77,9.25,9.45,14.55,13.77
346,Yuba County,CA,738,15.12,13.27,15.87,16.19,13.84,11.46,14.70,6.31,10.83,18.33,12.44,14.76,10.18,10.08,8.16,7.57,9.76,9.71,11.05,10.20,6.29,6.32,8.49,9.06,5.93,6.96,5.19,5.45,6.59,2.53,8.70,5.88,3.48,6.72,14.71,12.55,15.53,12.89,12.02,9.69,12.44,11.69,9.72,9.72,13.01,20.16,18.87,15.03,12.81,15.34,17.71,11.23,12.35,4.27,10.36,11.86,13.19,10.09,14.24,10.23,13.86,16.18,11.66,9.39,8.06,3.32,8.89,5.98,7.24,9.60,9.61,12.94,8.51,10.20,11.83,7.66,9.73,4.74,7.17,7.75,8.15,7.12,12.76,15.57,13.93,14.85,12.42,10.99,10.98,12.17,9.29,8.30,17.61,11.38,14.74,20.00,20.62,21.54,13.11,8.13,9.69,9.97,8.59,10.53,16.83
217,Lake County,CA,798,16.10,16.48,14.61,14.22,18.85,12.82,15.32,13.17,12.48,15.36,14.26,16.35,16.98,12.96,10.16,11.58,9.52,12.73,9.97,12.75,8.32,7.73,10.11,8.69,10.99,7.65,10.87,5.74,10.14,9.09,12.18,11.69,11.75,12.48,12.99,11.95,12.71,12.22,9.64,8.06,13.56,9.67,8.46,9.29,12.60,12.41,15.35,15.84,14.60,15.56,9.11,9.20,8.23,10.56,12.78,12.41,14.80,14.55,15.38,15.27,11.73,10.13,10.89,9.41,7.82,8.45,9.65,10.66,10.39,14.92,11.34,13.47,14.71,12.97,10.63,9.85,10.43,7.85,10.77,11.79,12.45,11.40,17.80,16.03,15.81,13.30,12.18,9.11,11.18,11.48,12.29,11.15,16.67,14.76,18.77,15.95,19.67,19.11,15.44,10.20,15.18,12.29,11.35,15.16,18.09
1426,Tehama County,CA,810,14.25,22.22,17.52,14.08,18.34,12.68,12.60,14.24,14.24,14.59,15.86,16.18,12.63,11.95,10.00,9.69,9.38,11.78,7.04,7.94,12.37,8.51,8.51,12.71,10.16,8.56,12.24,6.04,9.38,4.55,9.84,8.30,14.64,12.10,12.27,16.17,15.44,12.88,8.90,7.28,10.99,9.22,12.88,16.62,15.05,14.86,20.10,14.11,15.67,14.78,13.55,7.89,11.50,12.63,10.24,15.07,15.69,14.78,8.83,18.69,16.55,13.30,8.70,8.45,8.48,9.55,12.68,11.86,12.40,14.06,10.64,13.27,16.42,10.16,12.95,11.76,11.59,13.50,13.39,12.65,12.71,17.17,13.64,23.16,14.29,13.84,13.53,8.76,14.39,11.34,13.72,12.05,13.28,14.92,15.96,14.95,18.00,20.56,11.89,10.32,13.52,14.96,10.77,12.01,17.32
2584,Tuolumne County,CA,888,15.41,13.57,14.07,11.98,16.15,12.00,11.97,13.31,13.14,15.50,17.32,17.29,13.27,12.11,8.36,8.97,9.74,7.39,9.20,12.19,13.97,11.29,16.16,13.73,14.94,12.38,10.69,5.71,8.28,9.25,8.54,10.72,9.84,12.49,14.24,14.16,13.84,12.48,10.50,6.58,10.41,11.17,9.23,14.27,14.71,16.71,18.96,17.28,16.01,15.45,10.64,9.49,10.87,10.17,9.53,8.38,12.15,13.86,19.25,18.45,16.55,11.61,9.48,9.73,10.13,12.29,13.21,12.85,16.11,15.57,16.98,17.89,15.29,10.53,12.83,8.97,10.10,6.62,10.54,9.30,12.86,14.23,17.19,21.53,17.01,14.04,11.07,7.18,12.70,8.43,10.18,8.33,11.57,12.93,20.43,19.09,21.27,18.72,17.56,9.74,17.64,8.51,11.13,13.64,19.30
3020,San Benito County,CA,891,18.52,14.41,11.66,12.50,17.63,17.25,15.53,14.94,15.66,20.50,18.44,13.72,12.37,10.03,10.94,8.81,11.40,11.15,12.94,7.26,7.08,7.94,9.00,8.53,9.63,4.74,4.95,4.32,7.44,6.67,2.55,7.33,9.66,8.33,8.93,10.40,9.34,14.12,10.61,10.29,12.96,11.70,7.73,8.50,12.50,12.44,14.67,17.32,13.33,14.13,12.17,9.26,8.10,7.62,8.10,9.23,8.65,9.55,8.63,13.40,11.85,13.62,10.38,10.57,8.62,5.73,10.27,10.31,13.98,12.77,12.23,18.02,17.69,16.30,15.89,12.02,11.66,9.87,12.22,13.64,16.40,14.81,12.40,15.02,18.49,19.84,20.41,9.75,8.82,8.65,11.57,9.36,10.96,11.02,15.52,24.31,19.92,20.00,16.96,9.90,17.93,13.49,10.05,10.94,18.68
2643,Calaveras County,CA,1025,17.85,14.07,14.17,11.06,14.01,8.63,13.26,12.77,14.48,14.30,16.95,16.51,14.14,13.43,10.99,11.14,9.98,10.14,10.36,11.34,11.23,12.04,15.92,14.79,10.86,11.29,11.22,8.19,10.00,9.50,8.04,8.04,9.73,9.50,13.87,16.02,13.21,16.55,10.76,9.65,11.07,8.79,12.33,10.53,10.98,15.29,15.90,19.16,14.20,17.17,12.82,6.79,11.71,10.45,13.10,11.47,10.88,16.67,16.03,16.18,13.57,12.63,8.73,8.57,9.57,9.26,12.15,10.27,11.82,16.17,14.75,16.67,15.87,12.15,12.32,7.86,8.12,10.32,11.88,9.52,13.85,15.95,17.94,19.26,21.71,16.60,12.45,9.11,13.32,10.90,11.36,13.49,16.88,15.43,17.75,21.21,15.22,17.67,13.08,8.58,11.94,7.03,8.46,12.18,16.13
2548,Siskiyou County,CA,1037,7.19,8.50,9.75,7.44,8.67,6.87,8.51,8.91,10.13,13.30,11.55,12.79,8.68,9.07,7.13,5.41,4.51,4.04,4.76,4.59,7.86,14.57,8.41,10.53,5.72,5.10,6.18,5.07,4.96,7.54,8.01,8.83,11.90,6.28,10.86,10.38,10.45,8.82,8.80,7.55,7.73,6.08,8.45,11.24,10.81,10.59,15.75,11.63,9.84,9.71,9.89,6.49,10.82,8.66,7.91,6.06,9.18,9.12,8.47,9.65,10.21,9.32,6.53,4.92,8.70,6.93,7.50,5.16,6.50,8.20,7.91,12.57,10.54,6.69,5.99,6.10,6.31,2.44,6.88,7.32,10.25,14.85,12.50,15.66,14.75,12.01,6.59,6.69,8.59,8.07,6.78,9.43,10.47,15.27,14.54,17.23,14.89,9.77,17.77,9.47,7.99,6.97,6.13,9.01,14.21
829,Amador County,CA,1149,14.99,11.95,13.32,11.68,12.65,13.50,12.44,12.60,16.33,13.54,9.33,12.19,13.23,14.41,8.07,9.76,9.90,7.89,6.65,10.03,12.24,9.64,10.38,11.19,11.60,8.82,9.07,6.52,9.20,6.56,7.12,8.94,11.05,8.80,7.81,12.73,16.88,17.09,9.30,9.13,8.19,14.55,11.54,13.39,18.04,12.86,15.95,11.39,13.25,15.02,16.30,5.23,11.25,10.00,10.65,10.56,13.31,14.53,15.41,15.76,9.40,13.82,13.27,9.49,11.20,10.31,10.93,11.33,13.02,15.63,14.53,14.21,13.35,7.02,10.51,6.62,6.95,6.27,10.17,11.94,14.41,14.16,12.95,16.54,14.81,14.59,11.63,6.01,10.10,8.25,10.67,14.43,13.41,19.87,18.74,21.10,19.62,17.41,15.86,12.43,12.80,9.91,10.03,11.93,13.49
2678,Del Norte County,CA,1317,5.88,12.66,7.59,5.67,9.47,9.95,14.29,8.29,12.36,15.57,11.45,11.41,9.38,7.84,7.54,11.62,8.38,7.25,7.72,5.56,6.21,8.44,8.64,14.84,8.00,11.11,10.00,10.43,9.62,6.73,12.82,9.96,14.40,11.42,15.51,14.12,13.85,11.74,10.73,11.65,13.00,8.70,14.49,14.73,13.19,9.66,16.53,15.15,14.89,14.53,12.05,9.13,12.56,6.57,13.94,8.50,5.78,9.71,10.40,10.66,11.49,10.88,7.14,11.16,10.16,10.53,7.49,11.89,10.19,11.61,12.82,12.50,11.31,17.67,9.57,14.20,12.18,8.75,12.05,9.41,15.59,14.29,20.98,17.37,15.58,16.89,14.21,10.98,11.25,13.51,7.69,18.06,16.85,17.01,22.40,13.27,15.92,13.71,11.95,9.88,12.28,7.14,10.26,10.49,12.43
,,,,,,,,,,,,,,,,,,,,,,,,,,,,,,,,,,,,,,,,,,,,,,,,,,,,,,,,,,,,,,,,,,,,,,,,,,,,,,,,,,,,,,,,,,,,,,,,,,,,,,,,,,,,
,,,,,,,,,,,,,,,,,,,,,,,,,,,,,,,,,,,,,,,,,,,,,,,,,,,,,,,,,,,,,,,,,,,,,,,,,,,,,,,,,,,,,,,,,,,,,,,,,,,,,,,,,,,,
,,,,,,,,,,,,,,,,,,,,,,,,,,,,,,,,,,,,,,,,,,,,,,,,,,,,,,,,,,,,,,,,,,,,,,,,,,,,,,,,,,,,,,,,,,,,,,,,,,,,,,,,,,,,
,,,,,,,,,,,,,,,,,,,,,,,,,,,,,,,,,,,,,,,,,,,,,,,,,,,,,,,,,,,,,,,,,,,,,,,,,,,,,,,,,,,,,,,,,,,,,,,,,,,,,,,,,,,,
,,,,,,,,,,,,,,,,,,,,,,,,,,,,,,,,,,,,,,,,,,,,,,,,,,,,,,,,,,,,,,,,,,,,,,,,,,,,,,,,,,,,,,,,,,,,,,,,,,,,,,,,,,,,
,,,,,,,,,,,,,,,,,,,,,,,,,,,,,,,,,,,,,,,,,,,,,,,,,,,,,,,,,,,,,,,,,,,,,,,,,,,,,,,,,,,,,,,,,,,,,,,,,,,,,,,,,,,,
,,,,,,,,,,,,,,,,,,,,,,,,,,,,,,,,,,,,,,,,,,,,,,,,,,,,,,,,,,,,,,,,,,,,,,,,,,,,,,,,,,,,,,,,,,,,,,,,,,,,,,,,,,,,
,,,,,,,,,,,,,,,,,,,,,,,,,,,,,,,,,,,,,,,,,,,,,,,,,,,,,,,,,,,,,,,,,,,,,,,,,,,,,,,,,,,,,,,,,,,,,,,,,,,,,,,,,,,,
,,,,,,,,,,,,,,,,,,,,,,,,,,,,,,,,,,,,,,,,,,,,,,,,,,,,,,,,,,,,,,,,,,,,,,,,,,,,,,,,,,,,,,,,,,,,,,,,,,,,,,,,,,,,
,,,,,,,,,,,,,,,,,,,,,,,,,,,,,,,,,,,,,,,,,,,,,,,,,,,,,,,,,,,,,,,,,,,,,,,,,,,,,,,,,,,,,,,,,,,,,,,,,,,,,,,,,,,,
,,,,,,,,,,,,,,,,,,,,,,,,,,,,,,,,,,,,,,,,,,,,,,,,,,,,,,,,,,,,,,,,,,,,,,,,,,,,,,,,,,,,,,,,,,,,,,,,,,,,,,,,,,,,
,,,,,,,,,,,,,,,,,,,,,,,,,,,,,,,,,,,,,,,,,,,,,,,,,,,,,,,,,,,,,,,,,,,,,,,,,,,,,,,,,,,,,,,,,,,,,,,,,,,,,,,,,,,,
,,,,,,,,,,,,,,,,,,,,,,,,,,,,,,,,,,,,,,,,,,,,,,,,,,,,,,,,,,,,,,,,,,,,,,,,,,,,,,,,,,,,,,,,,,,,,,,,,,,,,,,,,,,,
,,,,,,,,,,,,,,,,,,,,,,,,,,,,,,,,,,,,,,,,,,,,,,,,,,,,,,,,,,,,,,,,,,,,,,,,,,,,,,,,,,,,,,,,,,,,,,,,,,,,,,,,,,,,
,,,,,,,,,,,,,,,,,,,,,,,,,,,,,,,,,,,,,,,,,,,,,,,,,,,,,,,,,,,,,,,,,,,,,,,,,,,,,,,,,,,,,,,,,,,,,,,,,,,,,,,,,,,,
,,,,,,,,,,,,,,,,,,,,,,,,,,,,,,,,,,,,,,,,,,,,,,,,,,,,,,,,,,,,,,,,,,,,,,,,,,,,,,,,,,,,,,,,,,,,,,,,,,,,,,,,,,,,
,,,,,,,,,,,,,,,,,,,,,,,,,,,,,,,,,,,,,,,,,,,,,,,,,,,,,,,,,,,,,,,,,,,,,,,,,,,,,,,,,,,,,,,,,,,,,,,,,,,,,,,,,,,,
,,,,,,,,,,,,,,,,,,,,,,,,,,,,,,,,,,,,,,,,,,,,,,,,,,,,,,,,,,,,,,,,,,,,,,,,,,,,,,,,,,,,,,,,,,,,,,,,,,,,,,,,,,,,
,,,,,,,,,,,,,,,,,,,,,,,,,,,,,,,,,,,,,,,,,,,,,,,,,,,,,,,,,,,,,,,,,,,,,,,,,,,,,,,,,,,,,,,,,,,,,,,,,,,,,,,,,,,,
,,,,,,,,,,,,,,,,,,,,,,,,,,,,,,,,,,,,,,,,,,,,,,,,,,,,,,,,,,,,,,,,,,,,,,,,,,,,,,,,,,,,,,,,,,,,,,,,,,,,,,,,,,,,
,,,,,,,,,,,,,,,,,,,,,,,,,,,,,,,,,,,,,,,,,,,,,,,,,,,,,,,,,,,,,,,,,,,,,,,,,,,,,,,,,,,,,,,,,,,,,,,,,,,,,,,,,,,,
,,,,,,,,,,,,,,,,,,,,,,,,,,,,,,,,,,,,,,,,,,,,,,,,,,,,,,,,,,,,,,,,,,,,,,,,,,,,,,,,,,,,,,,,,,,,,,,,,,,,,,,,,,,,
,,,,,,,,,,,,,,,,,,,,,,,,,,,,,,,,,,,,,,,,,,,,,,,,,,,,,,,,,,,,,,,,,,,,,,,,,,,,,,,,,,,,,,,,,,,,,,,,,,,,,,,,,,,,
,,,,,,,,,,,,,,,,,,,,,,,,,,,,,,,,,,,,,,,,,,,,,,,,,,,,,,,,,,,,,,,,,,,,,,,,,,,,,,,,,,,,,,,,,,,,,,,,,,,,,,,,,,,,
,,,,,,,,,,,,,,,,,,,,,,,,,,,,,,,,,,,,,,,,,,,,,,,,,,,,,,,,,,,,,,,,,,,,,,,,,,,,,,,,,,,,,,,,,,,,,,,,,,,,,,,,,,,,
,,,,,,,,,,,,,,,,,,,,,,,,,,,,,,,,,,,,,,,,,,,,,,,,,,,,,,,,,,,,,,,,,,,,,,,,,,,,,,,,,,,,,,,,,,,,,,,,,,,,,,,,,,,,
,,,,,,,,,,,,,,,,,,,,,,,,,,,,,,,,,,,,,,,,,,,,,,,,,,,,,,,,,,,,,,,,,,,,,,,,,,,,,,,,,,,,,,,,,,,,,,,,,,,,,,,,,,,,
1329,Plumas County,CA,1499,12.75,7.59,7.14,3.90,7.19,4.59,12.20,9.88,8.07,9.72,12.93,9.46,9.74,7.57,6.30,5.64,6.01,5.62,9.39,7.45,9.12,9.52,8.82,7.66,7.69,6.87,3.78,4.59,4.47,3.97,8.22,6.50,6.68,8.64,10.85,10.82,8.79,5.47,4.26,5.56,8.27,6.27,7.24,5.07,4.87,9.36,12.71,13.42,8.65,6.47,4.39,1.95,6.96,4.99,5.61,6.26,5.95,10.79,11.19,9.42,9.98,6.27,4.23,4.08,4.61,4.78,5.46,5.07,7.37,11.62,11.85,14.08,10.17,6.61,3.90,1.73,3.86,3.91,6.34,6.95,4.19,8.55,14.44,13.44,11.79,9.44,7.24,4.88,6.17,4.57,3.54,5.84,6.55,9.58,11.80,13.47,10.33,11.37,6.64,5.22,5.97,4.46,6.85,9.84,12.11
,,,,,,,,,,,,,,,,,,,,,,,,,,,,,,,,,,,,,,,,,,,,,,,,,,,,,,,,,,,,,,,,,,,,,,,,,,,,,,,,,,,,,,,,,,,,,,,,,,,,,,,,,,,,
,,,,,,,,,,,,,,,,,,,,,,,,,,,,,,,,,,,,,,,,,,,,,,,,,,,,,,,,,,,,,,,,,,,,,,,,,,,,,,,,,,,,,,,,,,,,,,,,,,,,,,,,,,,,
,,,,,,,,,,,,,,,,,,,,,,,,,,,,,,,,,,,,,,,,,,,,,,,,,,,,,,,,,,,,,,,,,,,,,,,,,,,,,,,,,,,,,,,,,,,,,,,,,,,,,,,,,,,,
,,,,,,,,,,,,,,,,,,,,,,,,,,,,,,,,,,,,,,,,,,,,,,,,,,,,,,,,,,,,,,,,,,,,,,,,,,,,,,,,,,,,,,,,,,,,,,,,,,,,,,,,,,,,
,,,,,,,,,,,,,,,,,,,,,,,,,,,,,,,,,,,,,,,,,,,,,,,,,,,,,,,,,,,,,,,,,,,,,,,,,,,,,,,,,,,,,,,,,,,,,,,,,,,,,,,,,,,,
,,,,,,,,,,,,,,,,,,,,,,,,,,,,,,,,,,,,,,,,,,,,,,,,,,,,,,,,,,,,,,,,,,,,,,,,,,,,,,,,,,,,,,,,,,,,,,,,,,,,,,,,,,,,
,,,,,,,,,,,,,,,,,,,,,,,,,,,,,,,,,,,,,,,,,,,,,,,,,,,,,,,,,,,,,,,,,,,,,,,,,,,,,,,,,,,,,,,,,,,,,,,,,,,,,,,,,,,,
,,,,,,,,,,,,,,,,,,,,,,,,,,,,,,,,,,,,,,,,,,,,,,,,,,,,,,,,,,,,,,,,,,,,,,,,,,,,,,,,,,,,,,,,,,,,,,,,,,,,,,,,,,,,
,,,,,,,,,,,,,,,,,,,,,,,,,,,,,,,,,,,,,,,,,,,,,,,,,,,,,,,,,,,,,,,,,,,,,,,,,,,,,,,,,,,,,,,,,,,,,,,,,,,,,,,,,,,,
,,,,,,,,,,,,,,,,,,,,,,,,,,,,,,,,,,,,,,,,,,,,,,,,,,,,,,,,,,,,,,,,,,,,,,,,,,,,,,,,,,,,,,,,,,,,,,,,,,,,,,,,,,,,
,,,,,,,,,,,,,,,,,,,,,,,,,,,,,,,,,,,,,,,,,,,,,,,,,,,,,,,,,,,,,,,,,,,,,,,,,,,,,,,,,,,,,,,,,,,,,,,,,,,,,,,,,,,,
,,,,,,,,,,,,,,,,,,,,,,,,,,,,,,,,,,,,,,,,,,,,,,,,,,,,,,,,,,,,,,,,,,,,,,,,,,,,,,,,,,,,,,,,,,,,,,,,,,,,,,,,,,,,
,,,,,,,,,,,,,,,,,,,,,,,,,,,,,,,,,,,,,,,,,,,,,,,,,,,,,,,,,,,,,,,,,,,,,,,,,,,,,,,,,,,,,,,,,,,,,,,,,,,,,,,,,,,,
,,,,,,,,,,,,,,,,,,,,,,,,,,,,,,,,,,,,,,,,,,,,,,,,,,,,,,,,,,,,,,,,,,,,,,,,,,,,,,,,,,,,,,,,,,,,,,,,,,,,,,,,,,,,
,,,,,,,,,,,,,,,,,,,,,,,,,,,,,,,,,,,,,,,,,,,,,,,,,,,,,,,,,,,,,,,,,,,,,,,,,,,,,,,,,,,,,,,,,,,,,,,,,,,,,,,,,,,,
,,,,,,,,,,,,,,,,,,,,,,,,,,,,,,,,,,,,,,,,,,,,,,,,,,,,,,,,,,,,,,,,,,,,,,,,,,,,,,,,,,,,,,,,,,,,,,,,,,,,,,,,,,,,
,,,,,,,,,,,,,,,,,,,,,,,,,,,,,,,,,,,,,,,,,,,,,,,,,,,,,,,,,,,,,,,,,,,,,,,,,,,,,,,,,,,,,,,,,,,,,,,,,,,,,,,,,,,,
,,,,,,,,,,,,,,,,,,,,,,,,,,,,,,,,,,,,,,,,,,,,,,,,,,,,,,,,,,,,,,,,,,,,,,,,,,,,,,,,,,,,,,,,,,,,,,,,,,,,,,,,,,,,
,,,,,,,,,,,,,,,,,,,,,,,,,,,,,,,,,,,,,,,,,,,,,,,,,,,,,,,,,,,,,,,,,,,,,,,,,,,,,,,,,,,,,,,,,,,,,,,,,,,,,,,,,,,,
,,,,,,,,,,,,,,,,,,,,,,,,,,,,,,,,,,,,,,,,,,,,,,,,,,,,,,,,,,,,,,,,,,,,,,,,,,,,,,,,,,,,,,,,,,,,,,,,,,,,,,,,,,,,
2403,Mariposa County,CA,1520,16.33,13.02,15.57,11.06,12.86,4.69,12.95,11.96,10.67,11.56,12.50,11.65,10.73,11.68,7.42,6.52,7.24,6.53,7.54,3.00,5.78,5.92,6.99,6.62,8.43,8.64,9.94,8.38,9.04,10.83,13.21,7.10,13.71,8.99,14.94,7.84,11.58,9.84,10.31,4.35,6.02,3.42,7.19,9.71,14.95,8.07,14.75,15.00,12.18,15.83,6.02,5.49,9.35,10.09,13.30,13.64,10.45,12.88,17.48,16.39,11.21,13.04,8.96,5.83,7.49,9.88,10.00,10.45,8.53,8.11,7.58,12.06,14.36,4.62,5.29,4.79,3.87,6.00,7.78,7.65,11.83,11.70,11.90,16.28,15.70,10.59,8.72,8.86,11.64,8.02,14.12,12.56,15.74,13.42,15.71,12.86,11.85,12.39,15.27,10.11,7.39,8.54,10.24,15.66,15.35
,,,,,,,,,,,,,,,,,,,,,,,,,,,,,,,,,,,,,,,,,,,,,,,,,,,,,,,,,,,,,,,,,,,,,,,,,,,,,,,,,,,,,,,,,,,,,,,,,,,,,,,,,,,,
,,,,,,,,,,,,,,,,,,,,,,,,,,,,,,,,,,,,,,,,,,,,,,,,,,,,,,,,,,,,,,,,,,,,,,,,,,,,,,,,,,,,,,,,,,,,,,,,,,,,,,,,,,,,
,,,,,,,,,,,,,,,,,,,,,,,,,,,,,,,,,,,,,,,,,,,,,,,,,,,,,,,,,,,,,,,,,,,,,,,,,,,,,,,,,,,,,,,,,,,,,,,,,,,,,,,,,,,,
,,,,,,,,,,,,,,,,,,,,,,,,,,,,,,,,,,,,,,,,,,,,,,,,,,,,,,,,,,,,,,,,,,,,,,,,,,,,,,,,,,,,,,,,,,,,,,,,,,,,,,,,,,,,
,,,,,,,,,,,,,,,,,,,,,,,,,,,,,,,,,,,,,,,,,,,,,,,,,,,,,,,,,,,,,,,,,,,,,,,,,,,,,,,,,,,,,,,,,,,,,,,,,,,,,,,,,,,,
,,,,,,,,,,,,,,,,,,,,,,,,,,,,,,,,,,,,,,,,,,,,,,,,,,,,,,,,,,,,,,,,,,,,,,,,,,,,,,,,,,,,,,,,,,,,,,,,,,,,,,,,,,,,
,,,,,,,,,,,,,,,,,,,,,,,,,,,,,,,,,,,,,,,,,,,,,,,,,,,,,,,,,,,,,,,,,,,,,,,,,,,,,,,,,,,,,,,,,,,,,,,,,,,,,,,,,,,,
,,,,,,,,,,,,,,,,,,,,,,,,,,,,,,,,,,,,,,,,,,,,,,,,,,,,,,,,,,,,,,,,,,,,,,,,,,,,,,,,,,,,,,,,,,,,,,,,,,,,,,,,,,,,
,,,,,,,,,,,,,,,,,,,,,,,,,,,,,,,,,,,,,,,,,,,,,,,,,,,,,,,,,,,,,,,,,,,,,,,,,,,,,,,,,,,,,,,,,,,,,,,,,,,,,,,,,,,,
,,,,,,,,,,,,,,,,,,,,,,,,,,,,,,,,,,,,,,,,,,,,,,,,,,,,,,,,,,,,,,,,,,,,,,,,,,,,,,,,,,,,,,,,,,,,,,,,,,,,,,,,,,,,
,,,,,,,,,,,,,,,,,,,,,,,,,,,,,,,,,,,,,,,,,,,,,,,,,,,,,,,,,,,,,,,,,,,,,,,,,,,,,,,,,,,,,,,,,,,,,,,,,,,,,,,,,,,,
,,,,,,,,,,,,,,,,,,,,,,,,,,,,,,,,,,,,,,,,,,,,,,,,,,,,,,,,,,,,,,,,,,,,,,,,,,,,,,,,,,,,,,,,,,,,,,,,,,,,,,,,,,,,
,,,,,,,,,,,,,,,,,,,,,,,,,,,,,,,,,,,,,,,,,,,,,,,,,,,,,,,,,,,,,,,,,,,,,,,,,,,,,,,,,,,,,,,,,,,,,,,,,,,,,,,,,,,,
,,,,,,,,,,,,,,,,,,,,,,,,,,,,,,,,,,,,,,,,,,,,,,,,,,,,,,,,,,,,,,,,,,,,,,,,,,,,,,,,,,,,,,,,,,,,,,,,,,,,,,,,,,,,
,,,,,,,,,,,,,,,,,,,,,,,,,,,,,,,,,,,,,,,,,,,,,,,,,,,,,,,,,,,,,,,,,,,,,,,,,,,,,,,,,,,,,,,,,,,,,,,,,,,,,,,,,,,,
,,,,,,,,,,,,,,,,,,,,,,,,,,,,,,,,,,,,,,,,,,,,,,,,,,,,,,,,,,,,,,,,,,,,,,,,,,,,,,,,,,,,,,,,,,,,,,,,,,,,,,,,,,,,
,,,,,,,,,,,,,,,,,,,,,,,,,,,,,,,,,,,,,,,,,,,,,,,,,,,,,,,,,,,,,,,,,,,,,,,,,,,,,,,,,,,,,,,,,,,,,,,,,,,,,,,,,,,,
,,,,,,,,,,,,,,,,,,,,,,,,,,,,,,,,,,,,,,,,,,,,,,,,,,,,,,,,,,,,,,,,,,,,,,,,,,,,,,,,,,,,,,,,,,,,,,,,,,,,,,,,,,,,
,,,,,,,,,,,,,,,,,,,,,,,,,,,,,,,,,,,,,,,,,,,,,,,,,,,,,,,,,,,,,,,,,,,,,,,,,,,,,,,,,,,,,,,,,,,,,,,,,,,,,,,,,,,,
,,,,,,,,,,,,,,,,,,,,,,,,,,,,,,,,,,,,,,,,,,,,,,,,,,,,,,,,,,,,,,,,,,,,,,,,,,,,,,,,,,,,,,,,,,,,,,,,,,,,,,,,,,,,
,,,,,,,,,,,,,,,,,,,,,,,,,,,,,,,,,,,,,,,,,,,,,,,,,,,,,,,,,,,,,,,,,,,,,,,,,,,,,,,,,,,,,,,,,,,,,,,,,,,,,,,,,,,,
,,,,,,,,,,,,,,,,,,,,,,,,,,,,,,,,,,,,,,,,,,,,,,,,,,,,,,,,,,,,,,,,,,,,,,,,,,,,,,,,,,,,,,,,,,,,,,,,,,,,,,,,,,,,
,,,,,,,,,,,,,,,,,,,,,,,,,,,,,,,,,,,,,,,,,,,,,,,,,,,,,,,,,,,,,,,,,,,,,,,,,,,,,,,,,,,,,,,,,,,,,,,,,,,,,,,,,,,,
,,,,,,,,,,,,,,,,,,,,,,,,,,,,,,,,,,,,,,,,,,,,,,,,,,,,,,,,,,,,,,,,,,,,,,,,,,,,,,,,,,,,,,,,,,,,,,,,,,,,,,,,,,,,
,,,,,,,,,,,,,,,,,,,,,,,,,,,,,,,,,,,,,,,,,,,,,,,,,,,,,,,,,,,,,,,,,,,,,,,,,,,,,,,,,,,,,,,,,,,,,,,,,,,,,,,,,,,,
,,,,,,,,,,,,,,,,,,,,,,,,,,,,,,,,,,,,,,,,,,,,,,,,,,,,,,,,,,,,,,,,,,,,,,,,,,,,,,,,,,,,,,,,,,,,,,,,,,,,,,,,,,,,
,,,,,,,,,,,,,,,,,,,,,,,,,,,,,,,,,,,,,,,,,,,,,,,,,,,,,,,,,,,,,,,,,,,,,,,,,,,,,,,,,,,,,,,,,,,,,,,,,,,,,,,,,,,,
,,,,,,,,,,,,,,,,,,,,,,,,,,,,,,,,,,,,,,,,,,,,,,,,,,,,,,,,,,,,,,,,,,,,,,,,,,,,,,,,,,,,,,,,,,,,,,,,,,,,,,,,,,,,
,,,,,,,,,,,,,,,,,,,,,,,,,,,,,,,,,,,,,,,,,,,,,,,,,,,,,,,,,,,,,,,,,,,,,,,,,,,,,,,,,,,,,,,,,,,,,,,,,,,,,,,,,,,,
,,,,,,,,,,,,,,,,,,,,,,,,,,,,,,,,,,,,,,,,,,,,,,,,,,,,,,,,,,,,,,,,,,,,,,,,,,,,,,,,,,,,,,,,,,,,,,,,,,,,,,,,,,,,
,,,,,,,,,,,,,,,,,,,,,,,,,,,,,,,,,,,,,,,,,,,,,,,,,,,,,,,,,,,,,,,,,,,,,,,,,,,,,,,,,,,,,,,,,,,,,,,,,,,,,,,,,,,,
,,,,,,,,,,,,,,,,,,,,,,,,,,,,,,,,,,,,,,,,,,,,,,,,,,,,,,,,,,,,,,,,,,,,,,,,,,,,,,,,,,,,,,,,,,,,,,,,,,,,,,,,,,,,
,,,,,,,,,,,,,,,,,,,,,,,,,,,,,,,,,,,,,,,,,,,,,,,,,,,,,,,,,,,,,,,,,,,,,,,,,,,,,,,,,,,,,,,,,,,,,,,,,,,,,,,,,,,,
,,,,,,,,,,,,,,,,,,,,,,,,,,,,,,,,,,,,,,,,,,,,,,,,,,,,,,,,,,,,,,,,,,,,,,,,,,,,,,,,,,,,,,,,,,,,,,,,,,,,,,,,,,,,
,,,,,,,,,,,,,,,,,,,,,,,,,,,,,,,,,,,,,,,,,,,,,,,,,,,,,,,,,,,,,,,,,,,,,,,,,,,,,,,,,,,,,,,,,,,,,,,,,,,,,,,,,,,,
,,,,,,,,,,,,,,,,,,,,,,,,,,,,,,,,,,,,,,,,,,,,,,,,,,,,,,,,,,,,,,,,,,,,,,,,,,,,,,,,,,,,,,,,,,,,,,,,,,,,,,,,,,,,
,,,,,,,,,,,,,,,,,,,,,,,,,,,,,,,,,,,,,,,,,,,,,,,,,,,,,,,,,,,,,,,,,,,,,,,,,,,,,,,,,,,,,,,,,,,,,,,,,,,,,,,,,,,,
,,,,,,,,,,,,,,,,,,,,,,,,,,,,,,,,,,,,,,,,,,,,,,,,,,,,,,,,,,,,,,,,,,,,,,,,,,,,,,,,,,,,,,,,,,,,,,,,,,,,,,,,,,,,
,,,,,,,,,,,,,,,,,,,,,,,,,,,,,,,,,,,,,,,,,,,,,,,,,,,,,,,,,,,,,,,,,,,,,,,,,,,,,,,,,,,,,,,,,,,,,,,,,,,,,,,,,,,,
,,,,,,,,,,,,,,,,,,,,,,,,,,,,,,,,,,,,,,,,,,,,,,,,,,,,,,,,,,,,,,,,,,,,,,,,,,,,,,,,,,,,,,,,,,,,,,,,,,,,,,,,,,,,
,,,,,,,,,,,,,,,,,,,,,,,,,,,,,,,,,,,,,,,,,,,,,,,,,,,,,,,,,,,,,,,,,,,,,,,,,,,,,,,,,,,,,,,,,,,,,,,,,,,,,,,,,,,,
,,,,,,,,,,,,,,,,,,,,,,,,,,,,,,,,,,,,,,,,,,,,,,,,,,,,,,,,,,,,,,,,,,,,,,,,,,,,,,,,,,,,,,,,,,,,,,,,,,,,,,,,,,,,
,,,,,,,,,,,,,,,,,,,,,,,,,,,,,,,,,,,,,,,,,,,,,,,,,,,,,,,,,,,,,,,,,,,,,,,,,,,,,,,,,,,,,,,,,,,,,,,,,,,,,,,,,,,,
,,,,,,,,,,,,,,,,,,,,,,,,,,,,,,,,,,,,,,,,,,,,,,,,,,,,,,,,,,,,,,,,,,,,,,,,,,,,,,,,,,,,,,,,,,,,,,,,,,,,,,,,,,,,
,,,,,,,,,,,,,,,,,,,,,,,,,,,,,,,,,,,,,,,,,,,,,,,,,,,,,,,,,,,,,,,,,,,,,,,,,,,,,,,,,,,,,,,,,,,,,,,,,,,,,,,,,,,,
,,,,,,,,,,,,,,,,,,,,,,,,,,,,,,,,,,,,,,,,,,,,,,,,,,,,,,,,,,,,,,,,,,,,,,,,,,,,,,,,,,,,,,,,,,,,,,,,,,,,,,,,,,,,
,,,,,,,,,,,,,,,,,,,,,,,,,,,,,,,,,,,,,,,,,,,,,,,,,,,,,,,,,,,,,,,,,,,,,,,,,,,,,,,,,,,,,,,,,,,,,,,,,,,,,,,,,,,,
,,,,,,,,,,,,,,,,,,,,,,,,,,,,,,,,,,,,,,,,,,,,,,,,,,,,,,,,,,,,,,,,,,,,,,,,,,,,,,,,,,,,,,,,,,,,,,,,,,,,,,,,,,,,
,,,,,,,,,,,,,,,,,,,,,,,,,,,,,,,,,,,,,,,,,,,,,,,,,,,,,,,,,,,,,,,,,,,,,,,,,,,,,,,,,,,,,,,,,,,,,,,,,,,,,,,,,,,,
,,,,,,,,,,,,,,,,,,,,,,,,,,,,,,,,,,,,,,,,,,,,,,,,,,,,,,,,,,,,,,,,,,,,,,,,,,,,,,,,,,,,,,,,,,,,,,,,,,,,,,,,,,,,
,,,,,,,,,,,,,,,,,,,,,,,,,,,,,,,,,,,,,,,,,,,,,,,,,,,,,,,,,,,,,,,,,,,,,,,,,,,,,,,,,,,,,,,,,,,,,,,,,,,,,,,,,,,,
,,,,,,,,,,,,,,,,,,,,,,,,,,,,,,,,,,,,,,,,,,,,,,,,,,,,,,,,,,,,,,,,,,,,,,,,,,,,,,,,,,,,,,,,,,,,,,,,,,,,,,,,,,,,
,,,,,,,,,,,,,,,,,,,,,,,,,,,,,,,,,,,,,,,,,,,,,,,,,,,,,,,,,,,,,,,,,,,,,,,,,,,,,,,,,,,,,,,,,,,,,,,,,,,,,,,,,,,,
,,,,,,,,,,,,,,,,,,,,,,,,,,,,,,,,,,,,,,,,,,,,,,,,,,,,,,,,,,,,,,,,,,,,,,,,,,,,,,,,,,,,,,,,,,,,,,,,,,,,,,,,,,,,
,,,,,,,,,,,,,,,,,,,,,,,,,,,,,,,,,,,,,,,,,,,,,,,,,,,,,,,,,,,,,,,,,,,,,,,,,,,,,,,,,,,,,,,,,,,,,,,,,,,,,,,,,,,,
,,,,,,,,,,,,,,,,,,,,,,,,,,,,,,,,,,,,,,,,,,,,,,,,,,,,,,,,,,,,,,,,,,,,,,,,,,,,,,,,,,,,,,,,,,,,,,,,,,,,,,,,,,,,
,,,,,,,,,,,,,,,,,,,,,,,,,,,,,,,,,,,,,,,,,,,,,,,,,,,,,,,,,,,,,,,,,,,,,,,,,,,,,,,,,,,,,,,,,,,,,,,,,,,,,,,,,,,,
,,,,,,,,,,,,,,,,,,,,,,,,,,,,,,,,,,,,,,,,,,,,,,,,,,,,,,,,,,,,,,,,,,,,,,,,,,,,,,,,,,,,,,,,,,,,,,,,,,,,,,,,,,,,
,,,,,,,,,,,,,,,,,,,,,,,,,,,,,,,,,,,,,,,,,,,,,,,,,,,,,,,,,,,,,,,,,,,,,,,,,,,,,,,,,,,,,,,,,,,,,,,,,,,,,,,,,,,,
,,,,,,,,,,,,,,,,,,,,,,,,,,,,,,,,,,,,,,,,,,,,,,,,,,,,,,,,,,,,,,,,,,,,,,,,,,,,,,,,,,,,,,,,,,,,,,,,,,,,,,,,,,,,
,,,,,,,,,,,,,,,,,,,,,,,,,,,,,,,,,,,,,,,,,,,,,,,,,,,,,,,,,,,,,,,,,,,,,,,,,,,,,,,,,,,,,,,,,,,,,,,,,,,,,,,,,,,,
,,,,,,,,,,,,,,,,,,,,,,,,,,,,,,,,,,,,,,,,,,,,,,,,,,,,,,,,,,,,,,,,,,,,,,,,,,,,,,,,,,,,,,,,,,,,,,,,,,,,,,,,,,,,
,,,,,,,,,,,,,,,,,,,,,,,,,,,,,,,,,,,,,,,,,,,,,,,,,,,,,,,,,,,,,,,,,,,,,,,,,,,,,,,,,,,,,,,,,,,,,,,,,,,,,,,,,,,,
,,,,,,,,,,,,,,,,,,,,,,,,,,,,,,,,,,,,,,,,,,,,,,,,,,,,,,,,,,,,,,,,,,,,,,,,,,,,,,,,,,,,,,,,,,,,,,,,,,,,,,,,,,,,
,,,,,,,,,,,,,,,,,,,,,,,,,,,,,,,,,,,,,,,,,,,,,,,,,,,,,,,,,,,,,,,,,,,,,,,,,,,,,,,,,,,,,,,,,,,,,,,,,,,,,,,,,,,,
253,Mono County,CA,1586,15.53,16.15,9.23,8.72,10.77,11.34,11.24,15.26,15.00,13.38,12.65,15.76,8.30,7.06,6.77,5.25,6.32,9.65,7.29,5.11,9.09,10.37,6.03,11.22,6.94,7.78,5.83,8.45,7.20,9.48,9.87,8.97,5.84,8.90,9.89,12.17,11.19,8.20,3.97,5.66,7.49,8.53,11.16,6.55,8.45,11.21,9.09,13.82,11.44,10.14,5.61,5.69,8.44,6.71,8.51,6.94,9.25,11.89,10.79,16.95,11.82,8.72,8.76,7.23,11.28,13.98,13.09,10.88,11.74,11.42,17.62,13.24,10.79,10.72,7.65,10.56,10.00,7.60,8.12,8.76,8.80,14.53,14.77,14.48,15.42,8.76,6.40,9.29,9.45,9.41,5.26,10.33,11.93,12.68,18.97,19.40,15.74,12.86,11.57,12.50,9.52,8.76,6.75,14.57,10.68
